{
  "Ansi 7 Color" : {
    "Red Component" : 0.48627451062202454,
    "Color Space" : "P3",
    "Blue Component" : 0.67450982332229614,
    "Alpha Component" : 1,
    "Green Component" : 0.55686277151107788
  },
  "Tags" : [

  ],
  "Ansi 12 Color" : {
    "Red Component" : 0.50980395078659058,
    "Color Space" : "P3",
    "Blue Component" : 1,
    "Alpha Component" : 1,
    "Green Component" : 0.66666668653488159
  },
  "Horizontal Spacing" : 1,
  "Ansi 6 Color" : {
    "Red Component" : 0.33268485979444562,
    "Color Space" : "P3",
    "Blue Component" : 1,
    "Alpha Component" : 1,
    "Green Component" : 0.97190473231578289
  },
  "Bold Color" : {
    "Red Component" : 0.66824811697006226,
    "Color Space" : "P3",
    "Blue Component" : 0.80987066030502319,
    "Alpha Component" : 1,
    "Green Component" : 0.70818406343460083
  },
  "Transparency" : 0.082893797588832488,
  "Custom Directory" : "No",
  "Ansi 5 Color" : {
    "Red Component" : 0.82352942228317261,
    "Color Space" : "P3",
    "Blue Component" : 0.93725490570068359,
    "Alpha Component" : 1,
    "Green Component" : 0.65098041296005249
  },
  "Rows" : 50,
  "Default Bookmark" : "No",
  "Blend" : 0.57921129993556708,
  "Cursor Guide Color" : {
    "Red Component" : 0.74862593412399292,
    "Color Space" : "P3",
    "Blue Component" : 0.99125725030899048,
    "Alpha Component" : 0.25,
    "Green Component" : 0.92047786712646484
  },
  "Non-ASCII Anti Aliased" : true,
  "Use Bright Bold" : true,
  "Show Mark Indicators" : false,
  "Ansi 10 Color" : {
    "Red Component" : 0.34509804844856262,
    "Color Space" : "P3",
    "Blue Component" : 0.78039216995239258,
    "Alpha Component" : 1,
    "Green Component" : 1
  },
  "Ambiguous Double Width" : false,
  "Jobs to Ignore" : [
    "rlogin",
    "ssh",
    "slogin",
    "telnet"
  ],
  "Ansi 15 Color" : {
    "Red Component" : 0.77254903316497803,
    "Color Space" : "P3",
    "Blue Component" : 0.87843137979507446,
    "Alpha Component" : 1,
    "Green Component" : 0.80784314870834351
  },
  "Foreground Color" : {
    "Red Component" : 0.92613060459033913,
    "Color Space" : "P3",
    "Blue Component" : 1,
    "Alpha Component" : 1,
    "Green Component" : 0.98545172379925905
  },
  "Working Directory" : "\/Users\/Darko",
  "Use Tab Color" : true,
  "Blinking Cursor" : false,
  "Disable Window Resizing" : true,
  "Sync Title" : false,
  "Prompt Before Closing 2" : false,
  "BM Growl" : false,
  "Description" : "sadx",
  "Mouse Reporting" : true,
  "Smart Cursor Color" : true,
  "Command" : "",
  "Selection Color" : {
    "Red Component" : 0.15917551221662707,
    "Color Space" : "P3",
    "Blue Component" : 0.35192853182253214,
    "Alpha Component" : 1,
    "Green Component" : 0.2096935866770242
  },
  "Screen" : -1,
  "Idle Code" : 0,
  "Columns" : 160,
  "Ansi 13 Color" : {
    "Red Component" : 0.82352942228317261,
    "Color Space" : "P3",
    "Blue Component" : 0.93725490570068359,
    "Alpha Component" : 1,
    "Green Component" : 0.65098041296005249
  },
  "Custom Command" : "No",
  "ASCII Anti Aliased" : true,
  "Background Color" : {
    "Red Component" : 0.12394276948362135,
    "Color Space" : "P3",
    "Blue Component" : 0.20542952613999144,
    "Alpha Component" : 1,
    "Green Component" : 0.13750608563692543
  },
  "Vertical Spacing" : 1,
  "Use Bold Font" : true,
  "Option Key Sends" : 2,
  "Selected Text Color" : {
    "Red Component" : 0.65882354974746704,
    "Color Space" : "P3",
    "Blue Component" : 0.81960785388946533,
    "Alpha Component" : 1,
    "Green Component" : 0.70980393886566162
  },
  "Non Ascii Font" : "Monaco 12",
  "Character Encoding" : 4,
  "Ansi 11 Color" : {
    "Red Component" : 1,
    "Color Space" : "P3",
    "Blue Component" : 0.68627452850341797,
    "Alpha Component" : 1,
    "Green Component" : 0.85098040103912354
  },
  "Use Italic Font" : true,
  "Unlimited Scrollback" : true,
  "Keyboard Map" : {

  },
  "Window Type" : 0,
  "Cursor Boost" : 0,
  "Blur Radius" : 16.799581614847718,
  "Background Image Location" : "",
  "Blur" : true,
  "Badge Color" : {
    "Red Component" : 0.92929404973983765,
    "Color Space" : "P3",
    "Blue Component" : 0.13960540294647217,
    "Alpha Component" : 0.5,
    "Green Component" : 0.25479039549827576
  },
  "Scrollback Lines" : 0,
  "Send Code When Idle" : false,
  "Close Sessions On End" : true,
  "Terminal Type" : "xterm",
  "Visual Bell" : false,
  "Flashing Bell" : false,
  "Silence Bell" : true,
  "Unicode Normalization" : 0,
  "Use Underline Color" : true,
  "Ansi 14 Color" : {
    "Red Component" : 0.17554299408268803,
    "Color Space" : "P3",
    "Blue Component" : 1,
    "Alpha Component" : 1,
    "Green Component" : 0.97457906526010007
  },
  "Name" : "sadx",
  "Match Background Color" : {
    "Red Component" : 1,
    "Color Space" : "P3",
    "Blue Component" : 0,
    "Alpha Component" : 1,
    "Green Component" : 1
  },
  "Cursor Text Color" : {
    "Red Component" : 0.10196078568696976,
    "Color Space" : "P3",
    "Blue Component" : 0.14901961386203766,
    "Alpha Component" : 1,
    "Green Component" : 0.10588235408067703
  },
  "Shortcut" : "",
  "Minimum Contrast" : 0,
  "Cursor Color" : {
    "Red Component" : 0.65882354974746704,
    "Color Space" : "P3",
    "Blue Component" : 0.81960785388946533,
    "Alpha Component" : 1,
    "Green Component" : 0.70980393886566162
  },
  "Ansi 0 Color" : {
    "Red Component" : 0.08235294371843338,
    "Color Space" : "P3",
    "Blue Component" : 0.11764705926179886,
    "Alpha Component" : 1,
    "Green Component" : 0.086274512112140656
  },
  "Guid" : "0D405E40-2998-4A2F-BDFA-A73FC0BDC281",
  "Ansi 2 Color" : {
    "Red Component" : 0.28662752077436932,
    "Color Space" : "P3",
    "Blue Component" : 0.46048135699011405,
    "Alpha Component" : 1,
    "Green Component" : 0.96048374368686873
  },
  "Ansi 3 Color" : {
    "Red Component" : 1,
    "Color Space" : "P3",
    "Blue Component" : 0.68627452850341797,
    "Alpha Component" : 1,
    "Green Component" : 0.85098040103912354
  },
  "Ansi 4 Color" : {
    "Red Component" : 0.50980395078659058,
    "Color Space" : "P3",
    "Blue Component" : 1,
    "Alpha Component" : 1,
    "Green Component" : 0.66666668653488159
  },
  "Right Option Key Sends" : 2,
  "Use Non-ASCII Font" : false,
  "Ansi 1 Color" : {
    "Red Component" : 0.92400150588064478,
    "Color Space" : "P3",
    "Blue Component" : 0.34112721766604437,
    "Alpha Component" : 1,
    "Green Component" : 0.31699331161550232
  },
  "Link Color" : {
    "Red Component" : 0.50848215818405151,
    "Color Space" : "P3",
    "Blue Component" : 0.96412366628646851,
    "Alpha Component" : 1,
    "Green Component" : 0.93623191118240356
  },
  "Ansi 9 Color" : {
    "Red Component" : 0.9686274528503418,
    "Color Space" : "P3",
    "Blue Component" : 0.22396173686345341,
    "Alpha Component" : 1,
    "Green Component" : 0.1885251551510676
  },
  "Ansi 8 Color" : {
    "Red Component" : 0.31372550129890442,
    "Color Space" : "P3",
    "Blue Component" : 0.52549022436141968,
    "Alpha Component" : 1,
    "Green Component" : 0.40000000596046448
  },
  "Normal Font" : "HackNFM-Regular 15"
}
